transaction_id,customer_id,card_id,transaction_date,amount,category,channel
1,271,2,2025-05-25,58509.37,Groceries,ATM
2,116,2,2025-02-08,77866.88,Luxury,POS
3,164,1,2023-04-15,138191.01,Electronics,POS
4,196,1,2024-04-03,114518.26,Entertainment,Online
5,170,1,2025-05-26,135421.11,Entertainment,POS
6,23,1,2025-05-08,102500.29,Travel,Online
7,252,2,2025-01-05,44514.61,Entertainment,POS
8,175,2,2024-10-08,101081.23,Luxury,POS
9,141,2,2024-04-07,96613.62,Dining,ATM
10,72,2,2024-09-04,88579.41,Luxury,POS
11,86,2,2025-03-27,10111.2,Luxury,Online
12,102,3,2025-05-13,71775.24,Electronics,POS
13,171,1,2025-04-13,37201.03,Entertainment,POS
14,233,3,2024-07-31,109828.84,Travel,POS
15,142,1,2024-05-20,101543.26,Entertainment,Online
16,11,3,2021-07-27,31182.24,Dining,POS
17,262,3,2023-08-22,144847.8,Electronics,POS
18,248,3,2025-04-11,15278.28,Travel,ATM
19,235,2,2024-02-24,149748.66,Groceries,ATM
20,185,1,2022-05-13,135464.39,Dining,ATM
21,135,1,2025-03-03,61023.84,Dining,ATM
22,126,3,2025-01-24,8922.46,Dining,Online
23,155,3,2024-11-15,53660.44,Electronics,ATM
24,201,3,2023-07-16,54224.18,Groceries,POS
25,44,3,2024-05-29,47425.27,Groceries,ATM
26,6,2,2024-11-28,60425.84,Groceries,Online
27,42,3,2022-01-20,61144.95,Luxury,Online
28,275,3,2025-02-06,50785.01,Bills,POS
29,66,1,2024-02-28,34395.9,Entertainment,Online
30,114,3,2024-03-13,6586.02,Dining,POS
31,186,3,2024-11-25,115379.33,Travel,POS
32,266,1,2025-05-23,46594.16,Travel,ATM
33,94,2,2025-05-19,38306.96,Groceries,ATM
34,103,3,2025-05-12,81181.36,Electronics,ATM
35,216,2,2025-05-20,25314.45,Entertainment,ATM
36,146,3,2023-01-29,87073.88,Bills,Online
37,139,1,2023-10-11,26720.45,Luxury,ATM
38,174,3,2024-04-14,103669.77,Luxury,POS
39,127,1,2023-11-11,11373.98,Electronics,POS
40,181,2,2024-08-03,53146.13,Dining,ATM
41,83,1,2023-04-04,138420.2,Groceries,ATM
42,243,2,2024-04-30,130104.83,Travel,Online
43,210,1,2024-06-10,116457.86,Groceries,ATM
44,154,1,2024-11-23,36066.7,Bills,Online
45,251,1,2025-01-30,41162.98,Luxury,ATM
46,52,1,2023-01-08,53186.8,Travel,ATM
47,275,3,2024-09-15,77452.69,Travel,POS
48,63,1,2024-09-11,85435.88,Travel,POS
49,44,1,2022-06-25,25865.08,Dining,POS
50,73,1,2024-12-11,116592.71,Luxury,ATM
51,145,2,2025-02-17,63499.18,Groceries,POS
52,300,2,2022-11-18,132631.8,Electronics,ATM
53,90,2,2025-04-27,147648.28,Entertainment,Online
54,46,2,2025-02-24,25590.87,Electronics,ATM
55,159,1,2024-10-06,131045.92,Electronics,POS
56,4,2,2024-12-28,109905.31,Travel,ATM
57,251,3,2024-06-16,60416.36,Dining,ATM
58,179,1,2024-09-01,73297.77,Groceries,ATM
59,236,3,2024-07-20,68705.69,Luxury,Online
60,49,2,2025-05-23,51560.13,Entertainment,Online
61,204,2,2025-05-24,117707.12,Dining,Online
62,242,3,2021-12-22,135352.23,Entertainment,ATM
63,283,2,2024-08-30,135962.5,Travel,Online
64,25,1,2024-11-23,120310.6,Electronics,ATM
65,171,1,2025-02-16,25039.06,Electronics,Online
66,33,3,2024-12-25,78511.38,Travel,ATM
67,131,2,2023-05-14,121553.27,Entertainment,Online
68,103,1,2024-12-21,2154.08,Luxury,Online
69,298,2,2023-08-29,119309.71,Travel,Online
70,290,1,2025-05-26,14203.39,Bills,Online
71,84,2,2024-11-20,107312.93,Luxury,Online
72,29,1,2023-04-28,39433.24,Groceries,POS
73,57,3,2021-07-01,19849.56,Dining,ATM
74,102,2,2025-04-24,6141.64,Luxury,POS
75,119,1,2025-04-30,124131.06,Entertainment,Online
76,22,3,2025-02-25,3452.57,Travel,ATM
77,222,2,2022-02-12,15956.39,Groceries,Online
78,61,3,2024-04-28,129773.25,Luxury,POS
79,137,2,2024-05-28,39429.51,Groceries,POS
80,266,2,2025-05-15,13802.72,Dining,Online
81,243,2,2022-12-27,40871.36,Travel,ATM
82,224,2,2025-04-18,112300.47,Travel,POS
83,299,3,2021-10-19,149450.6,Bills,Online
84,296,3,2024-04-02,91456.85,Bills,POS
85,111,1,2025-03-14,38344.35,Dining,Online
86,282,3,2021-12-09,137970.17,Luxury,ATM
87,299,1,2022-04-17,56910.08,Travel,ATM
88,249,2,2025-04-26,8531.76,Electronics,POS
89,171,3,2025-02-10,23010.86,Bills,POS
90,223,3,2025-01-04,23184.23,Bills,POS
91,48,1,2024-02-17,114598.9,Electronics,ATM
92,151,1,2025-01-05,124927.0,Entertainment,ATM
93,92,2,2024-09-09,34000.57,Luxury,POS
94,122,1,2024-10-28,114994.21,Dining,Online
95,171,1,2025-03-03,66258.37,Groceries,POS
96,53,3,2025-05-25,64472.75,Travel,POS
97,65,2,2025-01-09,44248.9,Groceries,Online
98,72,2,2024-02-06,31703.73,Luxury,Online
99,212,2,2024-06-10,7367.48,Bills,POS
100,7,3,2023-05-15,5096.72,Entertainment,ATM
101,18,3,2022-06-16,89992.71,Electronics,POS
102,282,3,2023-11-08,78001.92,Travel,POS
103,14,3,2024-01-07,111930.94,Electronics,ATM
104,63,2,2025-01-16,40173.33,Travel,ATM
105,27,3,2024-10-16,96977.4,Bills,POS
106,176,3,2022-07-09,145787.47,Groceries,ATM
107,123,1,2024-09-18,43586.32,Entertainment,ATM
108,137,1,2024-06-29,77610.68,Entertainment,ATM
109,84,1,2023-01-20,108680.22,Luxury,POS
110,153,2,2025-05-01,55318.88,Travel,POS
111,228,3,2024-11-23,42739.65,Entertainment,Online
112,151,1,2024-12-28,64610.35,Dining,ATM
113,218,2,2025-03-30,76516.22,Dining,ATM
114,283,3,2024-03-08,21068.61,Dining,POS
115,9,2,2023-09-04,129968.19,Groceries,POS
116,214,2,2023-06-28,57976.41,Groceries,Online
117,269,1,2022-03-02,145711.78,Luxury,Online
118,72,2,2024-03-24,72708.38,Bills,POS
119,64,3,2022-09-08,24897.26,Bills,POS
120,8,2,2024-04-10,39309.43,Electronics,POS
121,106,3,2025-05-10,147315.45,Dining,ATM
122,183,2,2025-04-01,96904.51,Travel,ATM
123,44,2,2024-08-07,101735.99,Dining,POS
124,42,1,2021-08-22,140542.4,Luxury,Online
125,76,2,2021-10-11,119786.81,Luxury,ATM
126,239,2,2024-05-20,110809.06,Travel,ATM
127,16,3,2025-04-02,38736.44,Groceries,POS
128,171,1,2025-03-04,128636.57,Entertainment,POS
129,290,2,2025-05-02,109469.17,Luxury,Online
130,146,3,2023-12-18,40851.88,Dining,Online
131,95,3,2024-05-03,8965.36,Bills,POS
132,125,2,2024-10-28,10563.78,Dining,ATM
133,198,3,2025-04-22,4076.0,Dining,Online
134,101,3,2025-04-08,31016.21,Entertainment,Online
135,4,2,2023-05-07,13795.05,Groceries,ATM
136,172,3,2024-07-20,144062.88,Dining,POS
137,5,2,2023-08-09,85993.45,Travel,ATM
138,258,2,2023-01-22,121903.76,Entertainment,POS
139,285,2,2024-06-14,86570.41,Dining,ATM
140,287,3,2025-03-09,45042.15,Groceries,Online
141,92,2,2024-05-28,13138.5,Dining,POS
142,134,2,2024-11-08,61110.89,Entertainment,ATM
143,268,3,2024-08-16,35304.19,Luxury,Online
144,66,3,2023-06-12,144347.55,Entertainment,ATM
145,31,3,2023-07-03,99675.97,Electronics,POS
146,49,1,2025-05-26,77046.46,Bills,Online
147,39,3,2023-11-13,24523.29,Electronics,ATM
148,274,3,2024-08-25,73801.92,Groceries,ATM
149,233,1,2023-05-07,74243.8,Groceries,POS
150,90,1,2025-04-12,24077.97,Entertainment,Online
151,65,3,2025-04-24,42555.18,Luxury,ATM
152,240,1,2025-01-19,12537.05,Groceries,ATM
153,73,3,2022-09-15,89131.81,Electronics,Online
154,275,2,2024-08-08,120205.65,Travel,ATM
155,143,3,2022-10-15,141258.82,Electronics,Online
156,212,1,2024-07-31,99829.5,Bills,ATM
157,107,3,2023-09-23,98805.51,Groceries,Online
158,162,3,2021-11-27,6452.56,Electronics,POS
159,139,2,2024-02-05,38297.33,Luxury,POS
160,91,3,2024-12-11,110548.33,Electronics,Online
161,235,1,2024-11-17,140252.43,Entertainment,POS
162,110,2,2023-12-02,116871.76,Electronics,POS
163,16,3,2024-08-10,106127.72,Groceries,ATM
164,113,3,2025-05-19,109139.09,Luxury,Online
165,256,1,2024-12-31,95132.31,Dining,ATM
166,175,1,2024-12-22,18434.15,Travel,POS
167,106,1,2025-03-07,84392.41,Travel,Online
168,138,3,2025-04-21,118002.3,Bills,ATM
169,292,3,2022-11-19,44097.63,Bills,Online
170,278,2,2023-12-09,129477.58,Luxury,POS
171,13,3,2023-07-15,66301.39,Electronics,Online
172,45,3,2023-08-26,80193.42,Travel,Online
173,124,3,2024-11-16,22495.9,Luxury,POS
174,51,1,2025-01-09,21431.89,Entertainment,ATM
175,244,2,2022-11-22,79079.16,Dining,POS
176,62,2,2022-11-04,7769.48,Dining,POS
177,64,2,2023-02-17,138104.97,Groceries,POS
178,85,2,2023-03-29,20729.68,Electronics,ATM
179,136,1,2024-06-07,84344.08,Travel,Online
180,66,3,2024-11-05,66749.69,Electronics,POS
181,287,1,2025-04-11,72409.68,Bills,POS
182,25,3,2021-12-10,82751.94,Travel,Online
183,53,1,2025-02-09,94432.06,Electronics,Online
184,118,2,2021-10-09,101898.23,Dining,ATM
185,210,1,2023-07-26,147830.79,Electronics,Online
186,162,2,2021-08-21,58422.64,Groceries,Online
187,103,3,2024-12-01,52146.68,Groceries,POS
188,40,1,2024-05-19,50789.08,Bills,ATM
189,105,2,2022-11-03,21750.58,Travel,Online
190,246,2,2023-10-09,87833.61,Travel,Online
191,246,1,2025-05-10,103339.12,Entertainment,POS
192,164,1,2023-10-06,81916.33,Dining,ATM
193,114,1,2025-03-16,79802.03,Travel,Online
194,168,1,2024-12-20,85448.99,Electronics,Online
195,13,3,2023-04-27,119792.81,Luxury,Online
196,295,2,2024-11-23,88213.62,Groceries,Online
197,140,1,2024-04-13,22578.49,Electronics,POS
198,247,2,2023-06-13,30683.98,Electronics,Online
199,40,3,2024-12-07,147373.33,Bills,POS
200,94,3,2025-04-21,64592.38,Bills,POS
201,185,3,2022-10-29,33191.88,Luxury,Online
202,206,1,2024-05-17,11516.54,Entertainment,Online
203,277,3,2024-04-22,121431.51,Electronics,ATM
204,273,1,2025-05-20,64238.62,Luxury,ATM
205,114,2,2025-01-07,88647.3,Entertainment,POS
206,290,1,2025-05-25,12290.76,Travel,ATM
207,175,1,2025-02-12,19122.33,Travel,POS
208,82,2,2022-12-10,68241.42,Luxury,Online
209,141,1,2025-03-25,134326.36,Luxury,Online
210,12,3,2024-03-05,2877.31,Dining,POS
211,44,1,2021-10-26,121811.45,Bills,ATM
212,273,2,2025-05-02,61137.26,Travel,POS
213,198,3,2025-05-05,53782.09,Groceries,Online
214,187,2,2025-04-22,26072.07,Luxury,ATM
215,69,2,2024-11-10,81565.99,Luxury,POS
216,205,1,2024-12-26,126365.54,Groceries,ATM
217,282,2,2023-01-13,16297.9,Luxury,POS
218,193,3,2024-06-26,51251.13,Luxury,POS
219,264,2,2023-02-10,41675.23,Entertainment,ATM
220,278,1,2023-01-14,53828.82,Groceries,ATM
221,105,3,2022-09-29,101756.64,Entertainment,POS
222,208,3,2024-02-13,76080.9,Groceries,Online
223,57,2,2022-01-26,147207.45,Entertainment,Online
224,218,1,2022-08-26,5786.79,Luxury,ATM
225,247,2,2024-11-04,141805.54,Luxury,POS
226,270,3,2025-03-17,105895.36,Luxury,ATM
227,105,2,2024-01-20,90010.88,Luxury,Online
228,78,2,2025-05-01,41038.91,Luxury,POS
229,24,2,2024-04-13,127951.49,Bills,Online
230,143,2,2024-03-03,12622.07,Bills,POS
231,105,3,2022-12-14,118592.19,Travel,POS
232,115,1,2025-01-11,43301.85,Groceries,POS
233,260,2,2023-08-09,63326.4,Dining,ATM
234,79,1,2022-12-10,94497.86,Travel,Online
235,165,2,2025-03-04,111717.83,Bills,ATM
236,101,1,2025-03-28,29258.61,Dining,ATM
237,12,3,2025-03-03,126470.28,Bills,POS
238,249,3,2025-03-29,27776.81,Travel,ATM
239,236,2,2024-12-11,66979.51,Groceries,POS
240,23,1,2025-05-10,85644.7,Luxury,Online
241,138,2,2025-05-14,102965.21,Entertainment,POS
242,293,3,2023-08-10,79885.74,Entertainment,Online
243,17,1,2025-01-05,111294.06,Luxury,ATM
244,34,3,2024-12-01,11561.0,Luxury,ATM
245,201,2,2025-03-05,76199.8,Bills,Online
246,82,1,2022-08-26,90440.14,Luxury,ATM
247,123,2,2024-05-29,127913.93,Luxury,Online
248,168,3,2024-06-13,44145.09,Electronics,Online
249,182,1,2025-02-14,61193.32,Luxury,ATM
250,181,2,2021-10-02,129572.57,Electronics,ATM
251,226,1,2025-05-19,99330.04,Electronics,Online
252,154,2,2024-11-28,115679.99,Groceries,POS
253,300,3,2022-10-13,20387.36,Bills,Online
254,189,1,2024-10-16,90450.45,Luxury,POS
255,178,3,2024-03-30,89986.2,Dining,POS
256,249,1,2025-03-21,97281.27,Luxury,ATM
257,214,1,2025-04-05,68225.65,Bills,Online
258,8,1,2023-06-30,4862.05,Electronics,Online
259,245,2,2025-01-25,117346.59,Bills,Online
260,251,3,2024-05-07,43895.71,Travel,POS
261,86,1,2023-04-29,89006.42,Dining,POS
262,247,3,2022-01-22,74531.57,Entertainment,Online
263,54,2,2023-06-19,111538.52,Bills,Online
264,223,2,2025-04-17,93918.16,Groceries,POS
265,274,3,2024-02-01,67835.55,Travel,POS
266,36,3,2021-11-26,138018.61,Entertainment,ATM
267,298,3,2023-08-24,86948.94,Dining,POS
268,70,2,2024-06-30,108020.42,Dining,Online
269,180,2,2025-03-28,61821.69,Entertainment,ATM
270,153,1,2024-10-22,144299.25,Electronics,POS
271,181,3,2021-09-26,90802.61,Travel,POS
272,234,1,2024-12-18,69490.03,Bills,ATM
273,175,1,2025-02-04,121475.13,Luxury,ATM
274,253,1,2024-07-29,33095.76,Entertainment,Online
275,71,3,2024-01-16,130601.69,Dining,ATM
276,25,3,2021-01-31,130446.86,Travel,POS
277,252,2,2025-04-10,84512.4,Groceries,POS
278,295,3,2025-04-29,135588.78,Electronics,ATM
279,70,2,2024-04-29,4369.99,Bills,Online
280,270,2,2025-02-10,30566.96,Dining,ATM
281,224,3,2023-12-18,118996.6,Electronics,POS
282,110,2,2024-08-12,47140.62,Entertainment,POS
283,269,1,2023-08-15,145504.86,Electronics,ATM
284,202,1,2024-05-04,71780.23,Entertainment,POS
285,23,2,2025-03-19,82507.49,Groceries,Online
286,123,3,2025-04-11,102283.2,Entertainment,POS
287,214,2,2024-07-09,122297.67,Bills,POS
288,232,2,2025-05-22,54480.99,Luxury,Online
289,229,1,2024-08-11,147188.52,Dining,Online
290,258,3,2023-11-09,64294.65,Bills,POS
291,259,1,2021-08-08,86735.33,Groceries,Online
292,91,1,2025-03-22,100267.25,Electronics,ATM
293,67,3,2024-06-26,19323.04,Travel,ATM
294,207,1,2024-07-08,52385.47,Electronics,ATM
295,102,1,2025-05-14,76469.23,Dining,ATM
296,43,1,2024-10-12,63085.61,Electronics,Online
297,31,2,2024-05-27,92068.36,Travel,ATM
298,174,3,2025-04-30,31729.97,Dining,ATM
299,236,2,2023-05-17,37132.34,Dining,Online
300,296,3,2024-08-12,128644.2,Dining,ATM
301,74,2,2025-04-13,10576.39,Bills,Online
302,172,2,2025-05-19,57865.17,Luxury,POS
303,29,2,2025-02-13,29878.46,Entertainment,Online
304,131,3,2022-12-05,97584.5,Electronics,ATM
305,203,1,2024-05-20,145942.5,Electronics,Online
306,231,3,2023-11-19,83862.28,Dining,ATM
307,232,2,2025-03-14,46787.31,Travel,ATM
308,158,3,2024-04-13,68078.43,Groceries,ATM
309,142,1,2022-11-17,5861.6,Dining,POS
310,81,3,2024-01-25,32878.07,Travel,ATM
311,291,3,2024-10-12,35367.6,Entertainment,ATM
312,241,3,2023-12-07,94611.84,Groceries,Online
313,247,2,2022-10-24,15947.97,Luxury,Online
314,257,1,2020-12-19,1510.08,Electronics,ATM
315,82,2,2023-09-15,6681.03,Electronics,POS
316,53,2,2025-04-11,58548.93,Groceries,Online
317,183,1,2025-03-27,50037.65,Groceries,Online
318,88,3,2024-10-19,38771.51,Bills,Online
319,78,3,2025-03-02,109773.05,Groceries,POS
320,196,1,2024-02-01,31455.84,Entertainment,POS
321,94,3,2025-05-14,54316.8,Bills,POS
322,285,3,2024-11-03,134929.26,Entertainment,Online
323,256,2,2025-05-21,106952.5,Dining,ATM
324,68,1,2023-11-10,113838.87,Groceries,ATM
325,124,3,2024-10-12,9290.22,Electronics,Online
326,218,2,2023-08-21,10105.66,Groceries,ATM
327,189,1,2025-02-02,112368.48,Electronics,ATM
328,194,2,2023-03-19,116781.57,Entertainment,Online
329,77,3,2024-10-09,101209.24,Luxury,Online
330,286,1,2025-02-10,43073.73,Luxury,Online
331,187,1,2025-05-17,140838.28,Luxury,Online
332,290,1,2025-04-07,14332.35,Luxury,ATM
333,61,1,2025-01-21,29559.29,Groceries,POS
334,74,1,2025-03-05,108342.73,Electronics,Online
335,22,2,2023-12-02,97288.77,Entertainment,ATM
336,202,3,2023-10-31,13296.04,Luxury,POS
337,105,1,2022-11-24,40364.18,Groceries,Online
338,197,3,2024-09-16,46434.79,Electronics,POS
339,174,1,2024-02-28,93379.46,Travel,POS
340,50,2,2023-01-07,108081.47,Electronics,Online
341,280,3,2025-03-16,48477.72,Bills,Online
342,109,3,2024-10-29,40840.15,Groceries,Online
343,178,1,2022-04-16,106299.56,Dining,POS
344,79,1,2024-02-07,125327.83,Bills,POS
345,130,3,2025-04-27,18852.01,Travel,POS
346,170,1,2024-06-10,105836.0,Bills,Online
347,293,2,2023-11-21,146420.06,Travel,POS
348,293,3,2023-11-30,64184.74,Electronics,Online
349,87,3,2024-05-10,81404.78,Luxury,ATM
350,233,2,2024-03-22,84869.17,Luxury,ATM
351,181,1,2022-06-12,62811.43,Dining,Online
352,181,3,2023-07-03,144524.35,Electronics,POS
353,236,1,2025-01-08,34296.08,Electronics,ATM
354,25,1,2024-08-13,63218.21,Dining,Online
355,61,3,2023-08-14,54235.59,Luxury,POS
356,168,3,2023-05-01,84616.12,Dining,ATM
357,47,2,2024-10-12,45969.25,Travel,POS
358,154,3,2024-10-12,98136.01,Electronics,Online
359,115,3,2025-04-08,62587.81,Groceries,Online
360,264,1,2023-01-22,65717.4,Groceries,POS
361,208,2,2024-12-11,65671.26,Luxury,Online
362,230,2,2024-11-15,114843.8,Electronics,Online
363,248,1,2025-04-12,55882.7,Entertainment,ATM
364,85,2,2024-12-01,42160.6,Groceries,ATM
365,196,2,2023-06-15,38807.79,Bills,POS
366,132,3,2022-05-20,110586.51,Travel,ATM
367,138,3,2025-02-18,81075.54,Groceries,ATM
368,236,3,2022-08-14,34139.03,Bills,POS
369,155,2,2023-02-25,108174.51,Groceries,POS
370,249,2,2025-04-23,3284.48,Electronics,POS
371,155,3,2024-10-26,146780.06,Luxury,Online
372,194,3,2023-12-27,73620.18,Bills,POS
373,86,1,2023-09-18,140428.07,Groceries,ATM
374,45,2,2025-03-02,135056.11,Travel,POS
375,57,1,2024-03-06,128352.64,Bills,ATM
376,232,3,2025-03-15,13917.06,Travel,Online
377,36,3,2023-02-27,58347.9,Bills,POS
378,190,3,2024-11-12,90688.95,Bills,Online
379,167,3,2021-05-17,99422.75,Luxury,POS
380,241,1,2024-02-20,115252.5,Travel,POS
381,149,2,2023-11-06,116522.43,Dining,Online
382,191,3,2024-04-12,131637.2,Dining,POS
383,139,3,2025-02-08,65321.66,Entertainment,POS
384,18,1,2023-07-03,119266.22,Dining,Online
385,38,2,2024-06-21,71447.67,Bills,POS
386,125,3,2024-08-13,88637.16,Luxury,Online
387,294,3,2024-10-24,144087.95,Dining,ATM
388,190,3,2025-05-13,21971.94,Luxury,POS
389,287,2,2025-03-22,18129.27,Dining,Online
390,288,3,2025-03-09,18979.76,Luxury,Online
391,139,3,2022-09-14,89070.33,Travel,POS
392,145,2,2025-01-24,82528.19,Dining,ATM
393,203,1,2022-05-20,85807.69,Groceries,Online
394,48,3,2023-09-28,34118.15,Luxury,Online
395,41,3,2025-04-19,117687.24,Groceries,ATM
396,233,1,2024-10-02,139295.71,Luxury,ATM
397,162,3,2021-02-10,51915.76,Travel,POS
398,77,2,2024-05-11,78394.79,Electronics,Online
399,183,3,2025-05-18,70606.16,Bills,ATM
400,130,1,2024-05-27,20828.9,Luxury,Online
401,198,3,2025-05-16,57221.81,Travel,ATM
402,24,1,2024-11-14,138547.6,Travel,POS
403,182,1,2025-04-08,4243.37,Groceries,POS
404,45,1,2024-09-21,39686.57,Travel,Online
405,11,2,2022-01-04,33622.24,Groceries,POS
406,260,1,2022-03-05,22225.63,Travel,POS
407,218,2,2023-11-24,5020.83,Travel,ATM
408,236,1,2023-02-03,2120.74,Travel,POS
409,52,3,2023-08-31,87832.45,Entertainment,Online
410,132,1,2025-02-09,69560.2,Electronics,Online
411,235,3,2024-07-03,148059.55,Groceries,ATM
412,204,2,2024-08-13,41344.73,Dining,ATM
413,203,2,2023-04-07,28767.57,Bills,ATM
414,141,3,2024-09-15,89153.66,Bills,POS
415,187,1,2025-03-30,5548.33,Bills,ATM
416,154,2,2025-04-05,111266.35,Entertainment,ATM
417,270,1,2025-04-17,128064.0,Electronics,POS
418,260,3,2024-03-03,117785.44,Luxury,ATM
419,109,3,2024-10-13,103280.9,Travel,ATM
420,275,1,2024-09-10,104890.5,Electronics,Online
421,296,1,2023-08-06,93515.2,Dining,Online
422,75,2,2023-11-27,97381.15,Entertainment,POS
423,35,1,2024-08-19,44165.99,Travel,POS
424,134,1,2025-03-05,70629.17,Groceries,ATM
425,165,2,2025-03-11,105863.24,Luxury,ATM
426,211,2,2024-07-16,116144.93,Travel,POS
427,277,1,2024-11-08,104341.26,Entertainment,Online
428,251,3,2024-02-08,148232.13,Dining,Online
429,32,2,2024-10-06,129944.77,Dining,POS
430,286,1,2021-09-22,23704.73,Luxury,ATM
431,200,2,2024-07-16,19631.44,Electronics,POS
432,141,3,2025-03-05,1194.01,Luxury,ATM
433,224,2,2021-09-16,5877.23,Entertainment,Online
434,132,1,2023-05-19,83225.76,Groceries,ATM
435,68,3,2023-06-21,15937.31,Luxury,ATM
436,226,2,2025-04-21,122068.81,Travel,POS
437,151,2,2023-04-23,38576.36,Electronics,POS
438,96,3,2024-08-06,19443.94,Dining,POS
439,175,3,2024-08-27,129549.05,Travel,POS
440,286,3,2025-05-17,130045.24,Bills,ATM
441,43,2,2023-03-15,26998.3,Dining,POS
442,28,3,2021-02-11,142368.2,Dining,ATM
443,182,2,2024-12-22,70187.5,Groceries,Online
444,240,2,2025-01-06,103473.39,Luxury,POS
445,75,1,2024-12-14,49492.59,Bills,ATM
446,294,3,2025-01-02,4846.48,Electronics,POS
447,89,2,2025-04-17,23511.42,Luxury,Online
448,170,2,2021-11-14,148989.67,Entertainment,Online
449,18,2,2025-01-24,3276.39,Electronics,ATM
450,188,2,2024-01-22,54381.89,Luxury,POS
451,54,2,2022-01-12,125410.2,Luxury,Online
452,140,2,2024-09-07,137735.23,Travel,Online
453,23,2,2025-02-26,95598.06,Entertainment,Online
454,266,2,2025-05-22,28028.88,Groceries,Online
455,191,1,2024-08-10,148420.66,Dining,Online
456,285,1,2024-06-18,79071.09,Bills,ATM
457,262,3,2025-02-13,106846.33,Travel,POS
458,76,2,2023-12-19,73965.1,Travel,Online
459,300,2,2024-07-18,19729.29,Bills,POS
460,24,1,2024-01-23,124338.84,Luxury,POS
461,246,2,2022-08-15,51655.03,Electronics,POS
462,105,2,2024-01-11,120755.4,Groceries,ATM
463,38,3,2023-10-23,46546.15,Bills,Online
464,92,3,2023-06-07,7170.27,Travel,POS
465,274,3,2024-05-07,113187.68,Entertainment,Online
466,212,2,2024-11-08,88068.89,Entertainment,Online
467,281,3,2024-08-20,130524.32,Luxury,Online
468,293,3,2024-07-05,9859.98,Entertainment,Online
469,95,3,2024-05-12,62596.65,Luxury,Online
470,66,3,2023-04-15,8166.31,Entertainment,ATM
471,46,3,2024-01-28,53504.62,Groceries,ATM
472,48,2,2023-08-23,53813.79,Electronics,Online
473,27,3,2024-12-04,68344.37,Bills,Online
474,251,2,2025-02-03,56211.58,Luxury,ATM
475,298,3,2024-09-30,21733.68,Electronics,POS
476,212,2,2024-06-04,114843.23,Groceries,ATM
477,147,3,2022-01-03,85366.05,Bills,Online
478,250,1,2025-01-29,108863.7,Entertainment,POS
479,35,2,2025-02-14,119327.51,Electronics,Online
480,22,3,2024-05-17,89598.73,Bills,POS
481,106,1,2024-05-30,83576.42,Luxury,ATM
482,202,1,2022-10-17,145699.41,Groceries,Online
483,134,2,2024-11-22,54469.29,Groceries,ATM
484,33,3,2024-10-29,114104.3,Entertainment,Online
485,57,2,2023-06-07,60116.99,Entertainment,Online
486,244,2,2023-10-12,107791.93,Luxury,ATM
487,286,2,2023-01-21,81614.18,Groceries,ATM
488,6,1,2024-02-07,134608.61,Travel,POS
489,33,1,2024-12-30,131361.17,Luxury,POS
490,194,3,2022-09-30,78611.85,Groceries,ATM
491,61,3,2024-06-18,8383.86,Luxury,ATM
492,281,2,2024-09-24,4867.56,Dining,POS
493,77,1,2025-03-16,67517.38,Electronics,ATM
494,269,1,2022-03-19,124532.62,Electronics,Online
495,263,3,2021-02-16,10351.74,Dining,ATM
496,110,2,2025-02-25,64402.04,Travel,Online
497,250,1,2024-05-06,141165.93,Dining,POS
498,223,3,2025-03-23,124239.63,Luxury,ATM
499,218,1,2023-09-24,13206.81,Bills,POS
500,217,2,2023-10-03,1701.21,Dining,POS
501,295,2,2023-03-11,61623.19,Bills,POS
502,154,1,2025-01-14,106274.68,Groceries,POS
503,237,1,2025-01-23,63626.28,Entertainment,ATM
504,261,1,2025-01-23,48060.3,Entertainment,Online
505,222,2,2024-09-28,14436.67,Dining,POS
506,169,2,2023-02-11,117638.73,Electronics,ATM
507,137,2,2023-05-09,8959.87,Groceries,ATM
508,292,1,2023-04-20,37080.76,Bills,POS
509,247,3,2022-11-09,4102.57,Dining,Online
510,172,2,2025-01-11,121470.74,Groceries,POS
511,113,2,2025-04-23,104719.53,Groceries,POS
512,74,3,2025-02-11,61659.69,Electronics,POS
513,71,2,2024-08-17,113248.69,Bills,Online
514,227,1,2025-01-26,56880.88,Electronics,POS
515,70,1,2024-10-08,129663.31,Dining,ATM
516,285,3,2023-12-20,125589.38,Travel,POS
517,124,1,2024-12-06,1966.77,Luxury,POS
518,276,2,2024-10-17,55539.04,Groceries,POS
519,217,1,2021-12-31,101554.83,Bills,Online
520,140,2,2023-01-13,82081.27,Dining,Online
521,117,3,2024-02-17,90162.03,Electronics,ATM
522,192,3,2023-10-29,46539.65,Bills,ATM
523,223,2,2025-02-12,24799.73,Entertainment,Online
524,149,3,2024-08-20,23457.59,Travel,POS
525,175,3,2025-05-20,88758.85,Entertainment,POS
526,263,3,2024-05-09,138075.98,Luxury,ATM
527,117,3,2023-11-07,133101.65,Bills,Online
528,115,2,2024-04-19,128390.9,Electronics,ATM
529,133,1,2021-12-24,21653.43,Entertainment,POS
530,127,1,2023-08-29,107465.77,Luxury,ATM
531,108,1,2022-10-16,47538.45,Travel,POS
532,238,3,2025-04-02,136675.1,Luxury,ATM
533,48,3,2024-01-21,42229.26,Bills,Online
534,38,3,2025-01-19,138776.01,Dining,POS
535,26,1,2024-08-01,132792.27,Entertainment,Online
536,242,3,2024-05-11,132498.64,Groceries,ATM
537,293,3,2023-10-28,114660.19,Bills,POS
538,15,1,2024-03-13,67765.07,Electronics,POS
539,226,1,2025-05-16,134635.71,Dining,Online
540,138,3,2024-10-11,82021.72,Bills,Online
541,264,2,2023-10-27,89454.05,Groceries,ATM
542,262,3,2023-12-05,18832.54,Travel,Online
543,72,2,2024-09-01,101815.46,Bills,Online
544,44,2,2022-04-13,66043.99,Groceries,POS
545,137,2,2023-12-09,53563.65,Travel,ATM
546,154,2,2024-12-21,129773.63,Groceries,Online
547,188,2,2024-09-25,131430.86,Entertainment,ATM
548,35,2,2024-12-03,8003.78,Luxury,ATM
549,4,1,2022-01-03,76860.55,Electronics,Online
550,135,1,2024-04-26,57883.65,Groceries,Online
551,264,2,2024-05-27,129706.97,Travel,Online
552,19,2,2024-03-13,83201.53,Electronics,ATM
553,193,1,2022-07-27,81349.82,Entertainment,POS
554,159,1,2025-01-10,125760.51,Groceries,ATM
555,293,3,2024-01-01,133662.95,Groceries,ATM
556,174,3,2024-03-21,121410.89,Entertainment,Online
557,246,1,2024-02-29,140120.04,Travel,Online
558,248,1,2025-02-25,18076.18,Entertainment,ATM
559,101,1,2025-04-09,47108.39,Dining,ATM
560,292,1,2024-05-24,84431.88,Entertainment,POS
561,150,3,2022-03-14,1606.22,Electronics,Online
562,128,2,2025-04-16,119369.22,Luxury,ATM
563,40,1,2024-11-20,89090.06,Dining,ATM
564,178,1,2022-01-29,41411.8,Electronics,POS
565,104,1,2025-03-15,40692.76,Electronics,ATM
566,63,2,2023-07-21,145726.9,Bills,POS
567,256,3,2025-04-24,111397.75,Dining,Online
568,187,1,2025-05-04,52493.29,Electronics,ATM
569,137,2,2024-06-09,59987.91,Travel,Online
570,226,2,2025-05-15,10051.52,Electronics,ATM
571,75,1,2025-05-09,80498.74,Bills,ATM
572,102,2,2025-05-23,72017.16,Entertainment,POS
573,160,1,2024-12-18,132929.85,Luxury,ATM
574,81,2,2021-11-29,119182.94,Entertainment,POS
575,195,2,2025-01-07,127293.32,Electronics,POS
576,6,2,2024-01-22,106239.97,Travel,POS
577,156,1,2025-02-12,40766.36,Dining,Online
578,177,2,2025-05-22,13417.47,Dining,ATM
579,180,1,2025-01-01,46565.8,Bills,POS
580,124,3,2024-10-13,120318.53,Entertainment,Online
581,216,3,2025-05-16,98608.95,Travel,Online
582,70,2,2024-11-27,54593.21,Bills,Online
583,22,1,2024-10-22,88301.39,Travel,Online
584,256,1,2025-03-28,133735.76,Travel,Online
585,181,2,2022-09-06,46784.11,Luxury,ATM
586,101,1,2025-04-12,148118.9,Entertainment,POS
587,137,2,2024-08-10,37770.63,Travel,POS
588,86,1,2023-03-09,133551.37,Luxury,POS
589,184,2,2024-01-09,82588.83,Luxury,POS
590,296,1,2024-11-27,22086.02,Electronics,Online
591,79,2,2023-03-24,81861.5,Electronics,ATM
592,37,1,2022-05-20,12282.9,Groceries,Online
593,79,2,2023-12-15,68759.26,Dining,POS
594,219,3,2023-07-09,84398.99,Bills,ATM
595,99,3,2024-10-09,120299.09,Travel,POS
596,172,2,2023-06-02,50603.62,Dining,POS
597,6,2,2025-05-22,77377.81,Entertainment,Online
598,86,1,2025-01-04,3242.88,Travel,ATM
599,218,3,2023-07-12,124937.41,Electronics,POS
600,272,1,2022-12-25,60230.79,Groceries,ATM
601,49,1,2025-05-22,52362.21,Entertainment,ATM
602,69,1,2025-01-05,105936.53,Groceries,ATM
603,287,1,2024-11-29,123259.44,Dining,POS
604,296,1,2024-05-04,86927.12,Groceries,POS
605,174,2,2024-06-30,50699.83,Electronics,POS
606,231,1,2024-08-12,126738.64,Luxury,Online
607,193,3,2023-09-27,10244.52,Dining,POS
608,274,3,2024-06-19,65917.08,Groceries,POS
609,214,1,2022-12-04,98463.6,Groceries,Online
610,32,2,2024-10-16,101583.94,Travel,POS
611,123,3,2024-01-26,97990.67,Entertainment,ATM
612,8,2,2025-03-14,66880.07,Groceries,ATM
613,159,1,2022-12-13,90489.06,Entertainment,ATM
614,265,1,2024-09-02,87291.89,Luxury,Online
615,104,3,2023-11-27,15795.74,Dining,ATM
616,254,1,2024-11-09,145624.96,Bills,Online
617,118,3,2021-04-07,71060.87,Bills,POS
618,129,2,2025-02-03,89970.67,Bills,POS
619,223,1,2024-12-12,75992.87,Groceries,POS
620,132,2,2024-01-08,148784.2,Luxury,POS
621,175,3,2024-10-03,46081.54,Luxury,ATM
622,166,1,2025-05-16,20452.67,Travel,POS
623,166,1,2025-04-06,58266.24,Bills,POS
624,143,2,2023-11-04,77292.96,Luxury,POS
625,240,1,2025-03-09,3250.89,Luxury,POS
626,270,1,2025-02-09,90728.05,Luxury,POS
627,105,3,2022-06-28,37369.79,Groceries,Online
628,131,3,2023-12-26,120227.17,Entertainment,Online
629,194,3,2024-11-27,53574.63,Groceries,Online
630,158,3,2025-04-22,83440.89,Travel,Online
631,63,1,2023-05-23,81081.46,Groceries,Online
632,225,1,2024-12-28,46722.13,Electronics,Online
633,99,3,2023-05-16,130819.83,Travel,Online
634,274,1,2024-01-22,131871.36,Electronics,POS
635,245,1,2022-02-18,11517.46,Entertainment,Online
636,225,1,2023-06-11,52225.36,Electronics,ATM
637,250,1,2024-04-02,80132.81,Electronics,ATM
638,207,2,2022-10-05,73675.13,Electronics,ATM
639,208,3,2023-08-02,52686.98,Groceries,ATM
640,242,2,2024-10-24,124111.85,Groceries,Online
641,185,2,2022-11-09,80006.39,Dining,ATM
642,178,2,2022-12-07,23354.58,Entertainment,POS
643,192,1,2025-04-22,98725.84,Luxury,ATM
644,1,3,2023-12-23,136470.34,Bills,POS
645,93,1,2024-12-23,27952.27,Travel,POS
646,207,1,2023-06-16,90628.1,Bills,ATM
647,220,3,2025-05-08,7334.33,Electronics,POS
648,118,2,2023-08-08,135350.6,Dining,Online
649,217,1,2023-12-24,64091.41,Groceries,POS
650,199,1,2023-04-24,10725.31,Entertainment,ATM
651,146,1,2024-04-23,51541.84,Entertainment,ATM
652,179,2,2023-10-31,113357.0,Entertainment,ATM
653,134,3,2024-11-20,12475.35,Dining,Online
654,181,2,2024-11-11,75829.37,Dining,ATM
655,206,2,2024-12-31,95299.92,Travel,Online
656,245,1,2021-07-06,8334.0,Luxury,ATM
657,153,1,2024-03-24,47858.42,Bills,POS
658,294,1,2024-09-01,48373.56,Luxury,Online
659,73,3,2024-04-14,124153.86,Entertainment,ATM
660,56,2,2025-04-14,21966.72,Groceries,POS
661,264,2,2022-10-12,75068.33,Travel,Online
662,48,3,2024-04-27,35434.95,Luxury,Online
663,274,1,2024-10-17,108619.48,Groceries,POS
664,297,1,2025-05-12,7299.57,Travel,POS
665,59,3,2024-05-15,8652.13,Groceries,ATM
666,248,3,2025-03-24,136472.73,Groceries,Online
667,165,3,2025-03-15,6646.57,Travel,Online
668,98,2,2025-04-26,13654.81,Groceries,POS
669,198,2,2025-05-15,61567.23,Entertainment,ATM
670,101,3,2025-04-23,79827.74,Bills,POS
671,8,2,2024-01-06,35095.25,Dining,Online
672,237,3,2024-08-19,149852.59,Entertainment,POS
673,13,2,2024-08-11,54021.18,Luxury,POS
674,149,3,2023-12-12,108654.2,Bills,ATM
675,263,2,2020-12-26,87962.75,Dining,POS
676,271,3,2025-05-24,92328.2,Travel,ATM
677,60,2,2025-02-02,68764.68,Luxury,Online
678,152,1,2024-09-08,13582.67,Groceries,ATM
679,87,2,2025-02-22,86482.07,Entertainment,POS
680,184,1,2024-10-03,114869.19,Electronics,POS
681,109,1,2024-07-13,77656.1,Bills,POS
682,288,2,2025-03-24,99307.27,Luxury,POS
683,8,2,2024-01-21,52535.19,Luxury,ATM
684,184,2,2023-11-14,52677.75,Luxury,POS
685,296,1,2024-11-27,140330.87,Dining,POS
686,76,2,2021-01-01,144150.8,Groceries,POS
687,234,3,2025-03-03,78447.68,Groceries,ATM
688,32,1,2025-04-13,141536.29,Electronics,Online
689,126,2,2024-10-23,13537.57,Entertainment,ATM
690,287,2,2025-05-02,21002.52,Bills,ATM
691,202,2,2024-07-02,99808.16,Luxury,ATM
692,100,3,2023-03-27,126783.8,Bills,ATM
693,172,2,2023-07-03,103963.1,Groceries,POS
694,105,2,2021-12-15,111935.08,Entertainment,Online
695,28,3,2024-02-18,84609.75,Travel,ATM
696,246,2,2022-11-17,93632.77,Groceries,ATM
697,214,1,2023-04-11,116368.47,Travel,POS
698,111,3,2025-04-19,39784.43,Travel,Online
699,261,3,2024-10-05,82557.32,Groceries,ATM
700,68,2,2023-11-08,114122.99,Bills,POS
701,294,3,2024-03-19,34017.11,Luxury,POS
702,174,3,2025-04-28,78581.61,Luxury,POS
703,30,3,2025-04-08,64987.55,Electronics,Online
704,215,1,2023-10-31,85704.36,Dining,ATM
705,298,3,2023-12-09,60396.12,Bills,ATM
706,195,1,2023-07-06,90487.19,Luxury,ATM
707,109,1,2024-09-20,141961.29,Dining,Online
708,202,1,2022-05-24,75822.39,Entertainment,Online
709,231,3,2025-04-08,138138.73,Dining,POS
710,194,1,2024-07-03,99847.72,Bills,POS
711,195,1,2025-01-05,16348.4,Luxury,POS
712,56,2,2025-02-03,57124.78,Bills,Online
713,4,2,2024-04-11,141890.87,Luxury,Online
714,154,1,2025-03-10,87911.03,Electronics,POS
715,59,2,2024-04-21,123204.41,Dining,POS
716,250,1,2024-07-16,17196.39,Dining,Online
717,163,2,2023-10-23,109640.88,Electronics,ATM
718,229,2,2024-02-22,148286.72,Travel,ATM
719,42,3,2020-12-28,29864.5,Entertainment,ATM
720,82,3,2022-11-06,146507.99,Bills,ATM
721,176,3,2022-08-10,147244.11,Bills,Online
722,158,1,2024-05-04,144380.12,Luxury,ATM
723,243,1,2023-01-29,143230.17,Luxury,POS
724,132,3,2022-05-20,104413.59,Travel,Online
725,163,2,2025-05-20,107894.51,Groceries,Online
726,87,3,2023-05-19,63092.32,Bills,POS
727,293,3,2023-08-29,52875.38,Bills,ATM
728,203,1,2024-08-08,55525.18,Groceries,ATM
729,215,2,2024-11-03,38277.41,Bills,ATM
730,39,3,2024-11-01,32784.05,Groceries,ATM
731,96,3,2024-04-02,119760.84,Electronics,Online
732,62,2,2024-04-12,59138.63,Bills,ATM
733,152,2,2024-09-02,55718.12,Luxury,ATM
734,236,1,2023-10-16,28965.01,Dining,ATM
735,168,3,2023-12-02,120188.39,Dining,ATM
736,5,2,2023-05-15,51652.31,Groceries,Online
737,228,3,2024-05-08,78463.5,Bills,POS
738,100,2,2024-10-02,82498.93,Luxury,POS
739,246,1,2022-05-29,54334.84,Electronics,Online
740,218,2,2025-04-28,10248.44,Dining,Online
741,61,3,2024-10-03,86259.16,Groceries,ATM
742,228,3,2022-10-27,79826.64,Luxury,Online
743,194,1,2025-02-08,132503.06,Travel,ATM
744,15,1,2024-07-03,84952.58,Entertainment,POS
745,273,2,2025-05-26,64833.19,Groceries,ATM
746,223,1,2025-04-02,103191.23,Electronics,POS
747,210,1,2022-07-01,106853.6,Groceries,Online
748,103,3,2025-03-20,124084.31,Luxury,ATM
749,177,1,2025-05-22,117838.71,Travel,POS
750,144,1,2025-04-02,5656.9,Bills,ATM
751,24,3,2025-02-15,8640.9,Groceries,Online
752,177,1,2025-05-22,53609.24,Dining,POS
753,135,1,2025-05-26,50646.04,Travel,ATM
754,237,2,2025-05-03,142708.56,Luxury,ATM
755,153,3,2025-01-24,27747.02,Entertainment,Online
756,211,3,2024-05-13,94777.75,Entertainment,ATM
757,279,2,2022-12-16,26823.09,Travel,ATM
758,80,1,2023-07-11,116599.67,Electronics,POS
759,164,3,2022-10-21,75361.75,Travel,POS
760,129,2,2023-05-29,106096.0,Travel,POS
761,212,3,2025-02-15,15528.4,Groceries,ATM
762,23,3,2025-03-12,15182.14,Electronics,POS
763,111,1,2025-04-26,126799.52,Travel,ATM
764,260,2,2023-01-05,19159.53,Dining,POS
765,267,2,2021-01-02,63675.64,Groceries,ATM
766,163,1,2023-08-24,16522.59,Electronics,POS
767,97,1,2025-03-31,56476.42,Electronics,ATM
768,78,1,2023-10-04,77003.51,Dining,POS
769,27,2,2025-03-11,104043.25,Entertainment,ATM
770,13,3,2024-09-11,21353.06,Groceries,Online
771,52,3,2023-04-13,101559.31,Electronics,POS
772,277,1,2024-06-10,115782.93,Travel,Online
773,140,2,2022-10-02,6498.43,Entertainment,ATM
774,28,1,2022-04-16,78663.17,Dining,POS
775,250,3,2025-04-09,114252.63,Entertainment,POS
776,195,3,2023-12-14,7769.3,Groceries,POS
777,2,3,2022-04-11,110537.38,Entertainment,POS
778,138,1,2024-09-26,116991.93,Electronics,Online
779,203,1,2024-12-14,55386.29,Dining,POS
780,123,1,2021-04-05,118332.93,Groceries,ATM
781,127,3,2024-10-07,112155.08,Travel,ATM
782,249,2,2025-05-01,34094.57,Dining,ATM
783,256,2,2025-04-25,49137.8,Bills,Online
784,254,3,2022-02-12,51260.13,Luxury,POS
785,271,1,2025-05-20,24094.67,Groceries,Online
786,20,2,2021-10-29,85047.2,Entertainment,POS
787,147,3,2023-08-07,122611.63,Travel,Online
788,300,1,2024-12-10,105837.63,Dining,POS
789,105,3,2022-07-30,79644.51,Bills,ATM
790,168,3,2023-06-06,63271.89,Bills,POS
791,229,2,2022-11-08,84828.92,Dining,POS
792,31,3,2021-08-31,127407.81,Dining,POS
793,140,3,2023-07-19,40438.01,Entertainment,ATM
794,282,2,2024-02-18,9565.8,Travel,ATM
795,135,2,2024-08-05,3862.65,Electronics,Online
796,219,3,2023-07-06,54059.12,Electronics,ATM
797,145,3,2025-03-02,23986.56,Electronics,Online
798,74,3,2025-03-06,17245.75,Entertainment,ATM
799,9,1,2023-09-18,134040.39,Dining,POS
800,178,3,2022-11-11,84040.71,Bills,Online
801,174,3,2024-05-16,80192.93,Bills,Online
802,243,3,2022-09-05,38137.81,Bills,Online
803,103,2,2024-12-16,20426.23,Electronics,ATM
804,213,3,2024-12-11,134469.42,Dining,Online
805,102,1,2025-04-20,46641.86,Dining,POS
806,3,2,2024-09-02,81390.07,Bills,Online
807,189,2,2024-10-19,147117.72,Bills,ATM
808,182,2,2025-01-22,72238.24,Bills,POS
809,187,2,2025-03-25,144504.79,Groceries,Online
810,81,2,2021-09-28,139349.2,Travel,POS
811,58,1,2024-11-28,50587.4,Bills,POS
812,236,2,2022-09-27,72764.61,Luxury,POS
813,104,3,2023-10-26,42581.45,Electronics,POS
814,151,3,2022-09-21,91867.48,Travel,POS
815,3,3,2023-09-04,122769.8,Dining,Online
816,8,2,2024-10-07,15864.26,Groceries,ATM
817,254,3,2025-04-14,5220.95,Dining,POS
818,150,1,2022-11-19,29300.62,Electronics,ATM
819,10,3,2022-03-10,39800.36,Dining,Online
820,53,2,2025-05-18,123541.85,Electronics,Online
821,176,2,2022-12-13,112494.34,Luxury,POS
822,176,1,2024-05-15,58214.08,Entertainment,ATM
823,157,3,2024-01-23,85910.6,Dining,Online
824,95,1,2025-04-05,63836.49,Groceries,Online
825,222,1,2023-03-25,104531.0,Bills,Online
826,132,3,2023-03-06,127189.41,Travel,Online
827,77,1,2024-04-07,54284.18,Entertainment,Online
828,186,1,2025-04-30,78515.95,Travel,ATM
829,221,1,2023-05-17,97091.8,Bills,ATM
830,111,3,2025-05-21,27166.88,Travel,POS
831,35,2,2024-07-23,117419.48,Entertainment,Online
832,75,2,2024-12-20,66055.21,Bills,Online
833,227,2,2024-12-06,33310.47,Electronics,POS
834,18,3,2025-05-02,138275.45,Travel,Online
835,132,3,2024-05-03,94698.02,Travel,POS
836,121,1,2024-11-04,138358.47,Groceries,POS
837,74,1,2025-03-13,71382.21,Groceries,ATM
838,105,3,2024-03-28,67442.47,Groceries,POS
839,213,3,2022-11-04,119140.94,Travel,POS
840,193,3,2022-09-06,23448.58,Bills,POS
841,102,2,2025-05-23,38610.93,Dining,POS
842,103,1,2025-05-13,39780.05,Groceries,POS
843,171,2,2025-03-23,59816.36,Entertainment,ATM
844,205,3,2024-10-16,38601.32,Dining,POS
845,38,2,2024-01-07,129486.03,Dining,Online
846,4,1,2024-03-05,53182.87,Travel,ATM
847,241,2,2025-05-23,132586.08,Entertainment,ATM
848,200,2,2024-08-27,55292.73,Luxury,Online
849,265,2,2024-12-04,28340.56,Luxury,Online
850,55,2,2023-09-20,33572.71,Groceries,Online
851,165,1,2025-03-18,110862.07,Dining,ATM
852,148,1,2023-01-25,115802.67,Entertainment,ATM
853,6,1,2025-04-11,97153.07,Groceries,ATM
854,52,1,2023-11-29,62129.39,Electronics,Online
855,17,2,2025-02-19,113713.11,Travel,Online
856,237,1,2024-04-16,20302.9,Electronics,ATM
857,177,3,2025-05-23,88774.5,Groceries,ATM
858,113,3,2025-05-12,116628.57,Travel,Online
859,68,1,2023-03-29,25282.52,Luxury,Online
860,27,1,2024-08-28,72998.85,Entertainment,ATM
861,289,2,2024-02-14,46314.48,Bills,POS
862,137,3,2023-08-30,145395.4,Entertainment,POS
863,80,2,2023-12-23,32278.86,Luxury,POS
864,281,3,2024-10-05,132817.71,Bills,Online
865,90,3,2025-04-01,113473.69,Luxury,Online
866,23,2,2025-04-11,29823.43,Dining,ATM
867,186,3,2023-09-07,118259.66,Dining,POS
868,82,2,2024-04-28,46738.09,Travel,POS
869,93,2,2024-10-16,4831.09,Entertainment,POS
870,225,2,2022-12-29,44731.13,Dining,Online
871,159,1,2024-09-06,73017.39,Travel,POS
872,216,2,2025-05-23,11569.7,Luxury,ATM
873,117,1,2024-09-15,67542.16,Groceries,ATM
874,95,1,2024-02-20,58065.49,Electronics,Online
875,221,1,2023-12-15,122482.76,Travel,ATM
876,177,3,2025-05-22,46968.87,Dining,ATM
877,118,2,2021-04-09,11494.89,Luxury,POS
878,295,2,2023-04-22,145945.67,Luxury,ATM
879,153,2,2024-10-20,83635.47,Electronics,Online
880,124,1,2025-03-01,15787.14,Luxury,Online
881,219,2,2024-12-29,14564.55,Electronics,Online
882,8,3,2024-12-15,134497.58,Electronics,POS
883,192,2,2025-01-04,93406.53,Travel,ATM
884,214,2,2023-08-30,29772.6,Bills,POS
885,144,1,2025-03-30,120127.72,Electronics,ATM
886,233,1,2024-08-01,23604.9,Groceries,Online
887,180,3,2025-02-22,53202.93,Entertainment,POS
888,135,3,2024-05-30,129117.71,Groceries,ATM
889,32,3,2024-08-30,10985.47,Travel,ATM
890,212,3,2024-07-11,41629.54,Electronics,Online
891,25,3,2023-12-22,140586.39,Electronics,ATM
892,140,2,2024-01-18,89188.42,Groceries,POS
893,43,2,2024-11-14,16181.3,Groceries,Online
894,107,3,2024-10-22,10085.87,Dining,ATM
895,26,1,2023-10-29,38981.32,Electronics,Online
896,54,3,2022-10-25,60489.0,Travel,POS
897,86,1,2022-12-08,21379.66,Travel,Online
898,47,1,2024-07-05,20810.19,Groceries,ATM
899,33,2,2025-02-23,9152.25,Entertainment,ATM
900,164,2,2025-01-29,71486.14,Entertainment,ATM
901,222,2,2021-12-05,36878.73,Dining,Online
902,142,1,2022-03-05,65420.42,Luxury,Online
903,241,1,2024-05-05,58565.29,Dining,Online
904,263,1,2023-11-25,147974.83,Groceries,ATM
905,169,3,2024-04-17,50711.41,Bills,POS
906,195,3,2023-11-03,60994.15,Electronics,Online
907,269,1,2022-04-17,24319.9,Entertainment,ATM
908,209,3,2020-08-26,64015.09,Travel,Online
909,268,2,2025-04-04,89589.32,Electronics,Online
910,217,3,2022-02-21,138375.94,Groceries,Online
911,216,1,2025-04-23,118112.01,Dining,Online
912,256,3,2025-03-25,4620.34,Luxury,POS
913,123,3,2023-12-30,77533.59,Bills,ATM
914,204,3,2023-10-11,88276.2,Dining,ATM
915,26,3,2023-11-25,42061.11,Entertainment,Online
916,163,3,2024-05-22,75573.13,Electronics,ATM
917,230,1,2023-09-30,41437.78,Groceries,Online
918,175,1,2025-02-19,108775.55,Entertainment,POS
919,154,1,2024-10-06,125148.92,Dining,Online
920,93,3,2025-01-09,37849.14,Travel,ATM
921,170,1,2022-12-13,124505.89,Travel,POS
922,141,2,2024-10-31,96422.31,Luxury,Online
923,172,1,2024-02-19,47044.67,Entertainment,Online
924,216,1,2025-05-02,22908.05,Luxury,Online
925,239,1,2024-12-03,3546.21,Electronics,ATM
926,84,3,2025-05-25,59695.35,Entertainment,ATM
927,250,1,2024-09-27,105566.84,Bills,POS
928,3,1,2022-10-26,145432.84,Travel,ATM
929,269,2,2025-02-17,109649.2,Groceries,POS
930,126,2,2024-05-03,81149.28,Electronics,Online
931,115,1,2024-11-22,99790.73,Luxury,ATM
932,186,3,2023-08-26,84975.88,Entertainment,POS
933,164,2,2022-04-20,6815.63,Bills,Online
934,97,1,2024-09-04,11826.72,Bills,Online
935,173,3,2024-04-23,48916.58,Entertainment,POS
936,47,1,2023-11-06,91790.98,Travel,ATM
937,157,2,2023-11-10,40245.84,Bills,POS
938,102,3,2025-05-11,139100.55,Luxury,POS
939,297,2,2025-04-28,4087.36,Travel,Online
940,97,3,2024-09-20,111203.73,Travel,ATM
941,254,1,2022-08-28,32260.14,Dining,POS
942,5,3,2024-01-02,84132.06,Bills,Online
943,31,3,2025-04-28,129500.3,Electronics,POS
944,235,3,2024-09-28,43785.89,Electronics,ATM
945,160,2,2025-05-22,113315.49,Electronics,POS
946,40,1,2025-02-21,800.56,Luxury,POS
947,206,1,2025-01-19,80117.43,Dining,POS
948,3,3,2023-07-20,63607.61,Electronics,ATM
949,68,1,2024-09-30,24700.73,Dining,Online
950,12,2,2023-09-04,116926.69,Dining,POS
951,50,3,2023-06-19,67661.08,Electronics,ATM
952,123,2,2023-01-07,106362.34,Dining,POS
953,124,1,2024-10-24,110369.57,Entertainment,POS
954,275,3,2024-11-19,33836.41,Luxury,POS
955,267,3,2022-12-16,74596.04,Groceries,ATM
956,288,2,2024-12-17,37821.3,Entertainment,Online
957,87,2,2021-10-22,22397.08,Luxury,ATM
958,200,2,2024-09-01,121382.92,Electronics,Online
959,159,1,2023-11-26,140348.42,Travel,ATM
960,272,1,2024-09-17,124476.45,Travel,POS
961,48,3,2024-08-27,36440.0,Dining,POS
962,75,2,2024-11-12,108728.77,Dining,ATM
963,29,2,2023-10-08,70920.88,Luxury,ATM
964,255,2,2024-02-23,29212.52,Entertainment,POS
965,102,3,2025-05-15,88553.37,Electronics,POS
966,11,3,2021-12-30,24239.4,Groceries,ATM
967,188,3,2024-10-16,144756.29,Groceries,ATM
968,57,2,2023-06-18,24744.2,Dining,ATM
969,295,3,2024-11-14,54189.1,Electronics,ATM
970,30,2,2025-03-13,114256.13,Groceries,Online
971,38,3,2025-03-22,124262.44,Bills,Online
972,162,3,2024-11-05,142698.88,Groceries,POS
973,200,1,2024-08-06,137490.0,Bills,POS
974,47,2,2023-04-28,29422.73,Travel,Online
975,64,1,2024-06-20,52804.05,Luxury,ATM
976,173,2,2025-05-14,140794.79,Travel,Online
977,100,2,2023-09-09,85158.45,Bills,ATM
978,240,1,2025-04-29,130227.52,Luxury,POS
979,169,2,2025-02-03,38100.46,Bills,ATM
980,267,3,2025-02-14,40391.22,Luxury,POS
981,174,1,2025-03-19,79440.2,Electronics,POS
982,172,3,2023-09-16,107676.71,Bills,ATM
983,67,3,2024-06-11,97881.6,Bills,Online
984,247,3,2020-10-19,53744.1,Entertainment,POS
985,213,2,2023-08-28,131073.61,Travel,POS
986,144,3,2025-03-16,71649.96,Entertainment,Online
987,149,3,2024-07-31,15536.74,Groceries,ATM
988,176,1,2025-04-10,2273.69,Dining,ATM
989,164,2,2023-01-18,69139.59,Entertainment,ATM
990,43,3,2023-08-26,8967.63,Bills,ATM
991,205,1,2024-01-16,146534.49,Travel,ATM
992,101,2,2025-03-27,31666.46,Bills,ATM
993,186,2,2025-03-19,75720.12,Bills,POS
994,253,3,2024-12-25,87975.59,Groceries,POS
995,245,3,2022-04-22,104250.98,Bills,Online
996,244,1,2022-12-19,54305.06,Bills,ATM
997,258,1,2022-12-26,79178.63,Entertainment,POS
998,51,1,2025-01-26,133791.15,Dining,POS
999,254,2,2022-05-16,78270.12,Travel,Online
1000,265,3,2024-05-21,48460.77,Entertainment,ATM
1001,194,3,2022-06-17,85091.63,Luxury,POS
1002,127,1,2023-12-23,122065.2,Travel,Online
1003,17,3,2025-01-01,42049.0,Groceries,Online
1004,209,2,2024-09-12,104716.12,Entertainment,POS
1005,48,2,2024-05-26,74210.53,Luxury,POS
1006,196,3,2021-08-16,99725.07,Dining,POS
1007,44,3,2022-03-25,1394.93,Entertainment,POS
1008,96,1,2024-09-20,7943.92,Electronics,Online
1009,120,1,2021-08-22,49996.41,Entertainment,POS
1010,124,3,2025-03-12,57052.6,Groceries,ATM
1011,89,3,2023-11-19,135474.92,Luxury,ATM
1012,6,1,2024-04-19,41585.05,Electronics,Online
1013,195,1,2022-08-05,50377.04,Luxury,POS
1014,49,2,2025-05-01,110496.27,Groceries,Online
1015,258,3,2024-01-30,63270.8,Bills,ATM
1016,65,3,2024-12-29,84104.26,Dining,POS
1017,51,1,2025-05-25,143837.58,Luxury,Online
1018,200,1,2023-12-28,60777.32,Electronics,POS
1019,21,3,2024-08-08,46324.98,Entertainment,ATM
1020,150,2,2024-05-05,107686.7,Dining,ATM
1021,126,2,2024-03-17,74387.08,Groceries,ATM
1022,83,3,2024-07-25,24763.59,Entertainment,POS
1023,171,2,2025-05-11,132133.36,Dining,POS
1024,207,1,2022-12-03,94596.47,Dining,Online
1025,43,1,2021-11-29,145816.64,Dining,Online
1026,269,2,2022-03-18,13309.92,Travel,POS
1027,299,2,2025-03-26,20901.53,Electronics,Online
1028,251,2,2024-05-02,149341.81,Dining,POS
1029,286,3,2024-08-23,136532.31,Groceries,Online
1030,230,3,2025-01-10,3212.4,Groceries,Online
1031,129,3,2025-02-13,18712.62,Electronics,Online
1032,12,2,2024-09-10,148782.4,Bills,Online
1033,146,3,2024-04-20,63470.37,Travel,POS
1034,235,3,2024-04-14,86194.38,Groceries,ATM
1035,254,3,2025-03-14,83745.15,Travel,POS
1036,48,1,2025-02-19,128748.41,Entertainment,ATM
1037,223,1,2025-05-04,48340.71,Dining,Online
1038,213,2,2023-02-24,41247.59,Travel,ATM
1039,103,1,2025-05-11,63728.83,Electronics,POS
1040,200,2,2025-05-20,6712.76,Dining,Online
1041,126,1,2024-07-09,109611.88,Travel,Online
1042,144,1,2025-03-16,49366.95,Dining,Online
1043,268,3,2025-04-03,124919.54,Groceries,ATM
1044,129,3,2021-07-23,136652.68,Bills,ATM
1045,252,1,2025-02-21,39976.63,Travel,Online
1046,141,1,2023-10-27,49373.02,Luxury,POS
1047,43,1,2023-01-31,79213.48,Dining,POS
1048,30,3,2025-05-15,56544.71,Groceries,Online
1049,197,2,2024-08-06,120762.95,Groceries,POS
1050,250,1,2024-01-17,109722.85,Luxury,POS
1051,164,3,2023-10-28,56841.54,Electronics,ATM
1052,270,2,2025-04-02,75241.9,Luxury,ATM
1053,223,3,2024-12-01,32348.38,Entertainment,ATM
1054,81,1,2024-10-17,30781.06,Groceries,Online
1055,283,2,2025-01-15,105014.12,Dining,ATM
1056,152,3,2024-10-09,45102.99,Dining,ATM
1057,293,2,2025-04-19,111025.15,Groceries,ATM
1058,196,3,2025-01-16,48662.36,Luxury,POS
1059,102,1,2025-05-24,109422.88,Groceries,Online
1060,69,2,2024-03-27,73470.84,Groceries,ATM
1061,223,3,2025-03-04,72586.75,Dining,POS
1062,124,1,2025-03-12,69287.82,Entertainment,POS
1063,23,2,2025-04-24,900.39,Groceries,ATM
1064,123,3,2024-06-29,47097.83,Entertainment,ATM
1065,131,1,2021-09-19,29251.99,Bills,Online
1066,59,2,2024-04-02,44520.38,Bills,POS
1067,249,2,2025-05-12,43075.63,Travel,Online
1068,73,3,2022-09-12,60812.5,Travel,Online
1069,129,1,2023-11-26,37374.78,Groceries,Online
1070,59,3,2024-10-11,146588.28,Groceries,Online
1071,52,1,2022-08-16,132347.24,Entertainment,POS
1072,219,2,2024-06-05,50903.97,Dining,POS
1073,257,2,2022-11-26,39895.68,Travel,POS
1074,70,3,2024-12-01,35393.84,Luxury,Online
1075,222,1,2024-07-24,16447.33,Bills,Online
1076,65,3,2025-05-01,133145.42,Bills,ATM
1077,172,2,2024-06-26,143755.84,Luxury,ATM
1078,53,3,2025-01-27,50327.4,Entertainment,POS
1079,179,2,2023-06-27,39212.09,Luxury,POS
1080,293,3,2025-02-08,5018.22,Groceries,ATM
1081,133,2,2022-04-24,2920.0,Travel,ATM
1082,47,2,2023-05-07,108461.23,Groceries,POS
1083,229,2,2023-05-08,88266.31,Electronics,ATM
1084,119,2,2023-03-27,116866.48,Bills,ATM
1085,110,1,2024-05-01,54116.77,Electronics,Online
1086,170,3,2021-04-09,58855.04,Electronics,ATM
1087,98,3,2025-01-08,90005.44,Bills,POS
1088,260,3,2023-08-20,99387.79,Luxury,Online
1089,162,2,2023-01-01,81592.24,Bills,ATM
1090,144,1,2025-04-09,42608.56,Bills,POS
1091,255,2,2023-10-09,101960.59,Dining,Online
1092,141,2,2023-12-24,34967.03,Travel,ATM
1093,136,1,2023-10-31,148367.09,Bills,POS
1094,258,1,2024-09-04,50378.01,Luxury,ATM
1095,226,2,2025-04-23,79673.17,Electronics,Online
1096,188,2,2024-06-21,138284.02,Luxury,Online
1097,98,1,2024-12-04,89961.45,Luxury,POS
1098,66,1,2023-03-11,19961.36,Groceries,Online
1099,279,1,2023-12-10,3553.13,Electronics,ATM
1100,270,2,2025-03-02,40632.45,Groceries,ATM
1101,22,2,2025-01-28,4972.63,Bills,ATM
1102,4,3,2025-03-24,133632.82,Travel,ATM
1103,261,1,2025-02-15,32248.35,Luxury,POS
1104,252,3,2025-02-27,85966.37,Groceries,Online
1105,76,2,2025-02-27,90129.34,Bills,ATM
1106,176,2,2024-05-05,94946.8,Luxury,POS
1107,205,2,2024-05-29,7400.28,Electronics,POS
1108,61,3,2023-07-24,69858.84,Electronics,POS
1109,50,3,2024-11-30,15420.26,Entertainment,ATM
1110,290,3,2025-05-16,66647.65,Dining,ATM
1111,250,3,2024-01-01,135444.51,Bills,Online
1112,159,3,2023-03-16,66773.09,Luxury,POS
1113,163,1,2024-11-03,113464.39,Entertainment,ATM
1114,211,1,2024-03-03,135937.01,Entertainment,Online
1115,113,3,2025-04-30,51093.9,Electronics,ATM
1116,298,1,2024-10-13,42942.98,Electronics,POS
1117,134,2,2025-04-12,15760.33,Groceries,Online
1118,161,1,2023-04-05,95660.12,Dining,ATM
1119,18,2,2023-07-21,103987.87,Travel,Online
1120,199,1,2025-01-21,148690.6,Luxury,ATM
1121,213,2,2023-10-17,103519.57,Groceries,ATM
1122,69,1,2023-04-20,59703.87,Entertainment,POS
1123,191,1,2025-03-11,23311.88,Entertainment,POS
1124,211,1,2024-12-16,56804.38,Bills,POS
1125,130,1,2022-11-26,58364.9,Groceries,POS
1126,112,1,2024-03-08,143030.71,Luxury,Online
1127,131,1,2023-08-15,13964.08,Dining,ATM
1128,30,1,2024-12-16,85608.28,Groceries,ATM
1129,152,3,2025-03-05,129895.89,Electronics,ATM
1130,278,2,2024-04-25,27669.14,Luxury,POS
1131,44,2,2024-02-07,10015.51,Dining,ATM
1132,201,2,2024-06-27,12815.99,Bills,ATM
1133,159,1,2024-01-09,127678.5,Bills,POS
1134,272,3,2023-04-20,9705.06,Bills,POS
1135,219,1,2024-08-03,106180.24,Bills,Online
1136,183,3,2025-05-13,40086.72,Travel,POS
1137,289,2,2024-03-24,9562.44,Groceries,POS
1138,231,1,2024-12-08,8289.87,Luxury,Online
1139,61,2,2024-09-20,79756.08,Bills,POS
1140,66,2,2024-08-17,28261.45,Groceries,POS
1141,300,1,2023-05-15,120655.13,Bills,Online
1142,182,2,2025-03-15,116735.42,Dining,Online
1143,284,2,2025-01-15,72884.42,Groceries,POS
1144,231,2,2022-10-08,32692.32,Entertainment,Online
1145,107,1,2024-12-05,82688.46,Travel,Online
1146,130,3,2025-04-26,103644.52,Travel,Online
1147,174,2,2023-12-23,97999.24,Entertainment,POS
1148,191,2,2023-05-06,41835.68,Travel,Online
1149,31,3,2023-12-16,69380.02,Luxury,POS
1150,157,1,2023-05-25,15825.68,Groceries,POS
1151,36,3,2021-04-23,136086.46,Travel,ATM
1152,14,1,2025-03-19,66931.64,Travel,POS
1153,242,2,2023-01-31,139465.67,Travel,ATM
1154,89,3,2024-03-04,65963.84,Electronics,POS
1155,182,1,2025-04-11,67538.07,Groceries,POS
1156,7,1,2025-02-02,36273.17,Dining,POS
1157,54,1,2023-05-20,71831.92,Luxury,ATM
1158,113,2,2025-05-24,107370.46,Dining,POS
1159,151,1,2022-10-08,103796.78,Groceries,ATM
1160,232,2,2025-03-07,29556.46,Groceries,ATM
1161,56,2,2025-04-17,6004.27,Dining,Online
1162,170,3,2024-02-28,88775.83,Electronics,POS
1163,127,1,2024-01-02,79835.12,Travel,Online
1164,112,1,2024-08-24,140614.3,Luxury,Online
1165,6,3,2024-07-11,97460.82,Entertainment,ATM
1166,202,3,2021-07-15,40737.46,Travel,Online
1167,11,2,2023-08-18,29197.47,Luxury,Online
1168,279,2,2024-09-17,27254.25,Travel,ATM
1169,161,1,2024-04-30,58413.05,Groceries,Online
1170,25,3,2023-11-24,75447.84,Luxury,Online
1171,236,3,2024-08-02,112735.04,Entertainment,Online
1172,58,1,2024-07-21,35771.12,Groceries,ATM
1173,115,2,2025-05-22,25545.12,Bills,POS
1174,282,1,2022-05-30,114988.05,Groceries,Online
1175,241,1,2024-02-18,23851.73,Entertainment,POS
1176,138,2,2025-02-25,122432.6,Groceries,ATM
1177,20,2,2022-03-16,124508.32,Electronics,POS
1178,148,2,2025-02-28,74585.0,Entertainment,ATM
1179,202,3,2024-06-15,125945.14,Bills,ATM
1180,151,1,2023-02-15,20989.93,Entertainment,ATM
1181,164,1,2023-09-20,74834.59,Entertainment,ATM
1182,145,3,2025-04-07,111697.7,Dining,Online
1183,215,2,2022-06-15,33587.62,Travel,Online
1184,21,1,2024-07-06,127442.97,Entertainment,POS
1185,31,2,2023-08-20,35739.61,Travel,ATM
1186,167,2,2025-03-12,107466.34,Bills,Online
1187,259,2,2025-02-26,92072.18,Bills,ATM
1188,19,3,2023-10-29,127019.67,Groceries,POS
1189,183,2,2025-04-28,100415.71,Dining,Online
1190,25,2,2021-11-07,117233.92,Travel,POS
1191,20,2,2021-10-09,119353.29,Entertainment,ATM
1192,241,3,2024-07-18,136545.06,Travel,POS
1193,193,3,2023-01-11,89192.32,Electronics,ATM
1194,65,2,2025-02-06,97089.68,Groceries,ATM
1195,129,2,2024-12-19,92005.52,Luxury,ATM
1196,165,3,2025-05-18,12187.11,Entertainment,ATM
1197,168,1,2025-03-09,19209.96,Luxury,POS
1198,93,2,2025-04-08,72621.59,Electronics,POS
1199,43,1,2022-10-24,14232.7,Electronics,Online
1200,227,3,2024-11-19,118895.88,Bills,ATM
